feature,importance
rainfall_mm,0.29636059273250015
temperature_c,0.2186989808528861
humidity_pct,0.19078253821562466
population_density,0.10334070110140058
altitude_m,0.0944652662555367
cases_last_month,0.07249755976208808
region,0.02385436107996373
